M,true_result,expression,expected postfix,got
3.3333333333333333333,4.3333333333333333333,M+1,M 1 +,true